parameter,value
growth_rate,7.705769062042236
carrying_capacity,47.86020278930664
